{
  "tau_requested": 0.5,
  "empirical_rate": 0.4966532797858099,
  "n_total": 6723,
  "n_flipped": 3339,
  "per_class_flip_rate": {
    "akiec": 0.44390243902439025,
    "bcc": 0.535593220338983,
    "bkl": 0.47706422018348627,
    "df": 0.4307692307692308,
    "mel": 0.5027124773960217,
    "nv": 0.5011309891013778,
    "vasc": 0.3977272727272727
  }
}