{
  "tau_requested": 0.1,
  "empirical_rate": 0.12910902870742227,
  "n_total": 6723,
  "n_flipped": 868,
  "per_class_flip_rate": {
    "akiec": 0.14634146341463414,
    "bcc": 0.1292517006802721,
    "bkl": 0.1345565749235474,
    "df": 0.10606060606060606,
    "mel": 0.1301989150090416,
    "nv": 0.1283158544108575,
    "vasc": 0.10227272727272728
  }
}