{
  "tau_requested": 0.5,
  "empirical_rate": 0.5005206009222073,
  "n_total": 6723,
  "n_flipped": 3365,
  "per_class_flip_rate": {
    "akiec": 0.5121951219512195,
    "bcc": 0.5457627118644067,
    "bkl": 0.5022900763358779,
    "df": 0.5076923076923077,
    "mel": 0.4528985507246377,
    "nv": 0.5026737967914439,
    "vasc": 0.48314606741573035
  }
}