{
  "tau_requested": 0.3,
  "empirical_rate": 0.29748624126134166,
  "n_total": 6723,
  "n_flipped": 2000,
  "per_class_flip_rate": {
    "akiec": 0.36097560975609755,
    "bcc": 0.3435374149659864,
    "bkl": 0.29204892966360857,
    "df": 0.2878787878787879,
    "mel": 0.3037974683544304,
    "nv": 0.2924120913016656,
    "vasc": 0.2840909090909091
  }
}