{
  "tau_requested": 0.5,
  "empirical_rate": 0.49962814219842333,
  "n_total": 6723,
  "n_flipped": 3359,
  "per_class_flip_rate": {
    "akiec": 0.424390243902439,
    "bcc": 0.5068027210884354,
    "bkl": 0.4984709480122324,
    "df": 0.6060606060606061,
    "mel": 0.488245931283906,
    "nv": 0.5005140859551717,
    "vasc": 0.6022727272727273
  }
}