{
  "tau_requested": 0.2,
  "empirical_rate": 0.20675293767663244,
  "n_total": 6723,
  "n_flipped": 1390,
  "per_class_flip_rate": {
    "akiec": 0.24390243902439024,
    "bcc": 0.2033898305084746,
    "bkl": 0.2015267175572519,
    "df": 0.2153846153846154,
    "mel": 0.19746376811594202,
    "nv": 0.20691073632250104,
    "vasc": 0.21348314606741572
  }
}