{
  "tau_requested": 0.1,
  "empirical_rate": 0.13431503792949576,
  "n_total": 6723,
  "n_flipped": 903,
  "per_class_flip_rate": {
    "akiec": 0.09268292682926829,
    "bcc": 0.1423728813559322,
    "bkl": 0.11926605504587157,
    "df": 0.18461538461538463,
    "mel": 0.12477396021699819,
    "nv": 0.13900884227842894,
    "vasc": 0.07954545454545454
  }
}