{
  "tau_requested": 0.1,
  "empirical_rate": 0.13267886360255837,
  "n_total": 6723,
  "n_flipped": 892,
  "per_class_flip_rate": {
    "akiec": 0.14146341463414633,
    "bcc": 0.13559322033898305,
    "bkl": 0.1251908396946565,
    "df": 0.12307692307692308,
    "mel": 0.1213768115942029,
    "nv": 0.1334841628959276,
    "vasc": 0.19101123595505617
  }
}