{
  "tau_requested": 0.1,
  "empirical_rate": 0.1274728543804849,
  "n_total": 6723,
  "n_flipped": 857,
  "per_class_flip_rate": {
    "akiec": 0.14634146341463414,
    "bcc": 0.1292517006802721,
    "bkl": 0.12232415902140673,
    "df": 0.10606060606060606,
    "mel": 0.1301989150090416,
    "nv": 0.12769895126465144,
    "vasc": 0.10227272727272728
  }
}