{
  "tau_requested": 0.3,
  "empirical_rate": 0.2937676632455749,
  "n_total": 6723,
  "n_flipped": 1975,
  "per_class_flip_rate": {
    "akiec": 0.25365853658536586,
    "bcc": 0.29591836734693877,
    "bkl": 0.28440366972477066,
    "df": 0.2727272727272727,
    "mel": 0.33634719710669075,
    "nv": 0.29138391939132224,
    "vasc": 0.32954545454545453
  }
}