{
  "tau_requested": 0.3,
  "empirical_rate": 0.29956864495017105,
  "n_total": 6723,
  "n_flipped": 2014,
  "per_class_flip_rate": {
    "akiec": 0.36097560975609755,
    "bcc": 0.36054421768707484,
    "bkl": 0.29510703363914376,
    "df": 0.2878787878787879,
    "mel": 0.298372513562387,
    "nv": 0.29446843512235243,
    "vasc": 0.2840909090909091
  }
}