{
  "tau_requested": 0.4,
  "empirical_rate": 0.40413505875353267,
  "n_total": 6723,
  "n_flipped": 2717,
  "per_class_flip_rate": {
    "akiec": 0.4146341463414634,
    "bcc": 0.4440677966101695,
    "bkl": 0.4030534351145038,
    "df": 0.4461538461538462,
    "mel": 0.35144927536231885,
    "nv": 0.40703414232825996,
    "vasc": 0.39325842696629215
  }
}