{
  "tau_requested": 0.2,
  "empirical_rate": 0.21195894689870592,
  "n_total": 6723,
  "n_flipped": 1425,
  "per_class_flip_rate": {
    "akiec": 0.1902439024390244,
    "bcc": 0.22108843537414966,
    "bkl": 0.20642201834862386,
    "df": 0.22727272727272727,
    "mel": 0.20976491862567812,
    "nv": 0.21262595105901708,
    "vasc": 0.23863636363636365
  }
}