{
  "tau_requested": 0.4,
  "empirical_rate": 0.3972928752045218,
  "n_total": 6723,
  "n_flipped": 2671,
  "per_class_flip_rate": {
    "akiec": 0.45365853658536587,
    "bcc": 0.47278911564625853,
    "bkl": 0.40061162079510704,
    "df": 0.36363636363636365,
    "mel": 0.38517179023508136,
    "nv": 0.3913222290767016,
    "vasc": 0.42045454545454547
  }
}