{
  "tau_requested": 0.3,
  "empirical_rate": 0.29436263572809757,
  "n_total": 6723,
  "n_flipped": 1979,
  "per_class_flip_rate": {
    "akiec": 0.2682926829268293,
    "bcc": 0.25170068027210885,
    "bkl": 0.29510703363914376,
    "df": 0.22727272727272727,
    "mel": 0.3309222423146474,
    "nv": 0.2952909726506272,
    "vasc": 0.26136363636363635
  }
}