{
  "tau_requested": 0.1,
  "empirical_rate": 0.12717536813922356,
  "n_total": 6723,
  "n_flipped": 855,
  "per_class_flip_rate": {
    "akiec": 0.12195121951219512,
    "bcc": 0.11904761904761904,
    "bkl": 0.14220183486238533,
    "df": 0.19696969696969696,
    "mel": 0.11573236889692586,
    "nv": 0.12646514497223935,
    "vasc": 0.11363636363636363
  }
}