{
  "tau_requested": 0.4,
  "empirical_rate": 0.4027963706678566,
  "n_total": 6723,
  "n_flipped": 2708,
  "per_class_flip_rate": {
    "akiec": 0.4223300970873786,
    "bcc": 0.3843537414965986,
    "bkl": 0.38837920489296635,
    "df": 0.5,
    "mel": 0.4148550724637681,
    "nv": 0.40324902323668516,
    "vasc": 0.3522727272727273
  }
}