{
  "tau_requested": 0.3,
  "empirical_rate": 0.31042689275621005,
  "n_total": 6723,
  "n_flipped": 2087,
  "per_class_flip_rate": {
    "akiec": 0.25853658536585367,
    "bcc": 0.2847457627118644,
    "bkl": 0.332824427480916,
    "df": 0.23076923076923078,
    "mel": 0.33152173913043476,
    "nv": 0.30995475113122173,
    "vasc": 0.30337078651685395
  }
}