{
  "tau_requested": 0.3,
  "empirical_rate": 0.2997173880708017,
  "n_total": 6723,
  "n_flipped": 2015,
  "per_class_flip_rate": {
    "akiec": 0.2731707317073171,
    "bcc": 0.3163265306122449,
    "bkl": 0.2966360856269113,
    "df": 0.3787878787878788,
    "mel": 0.30018083182640143,
    "nv": 0.2987867571457948,
    "vasc": 0.3181818181818182
  }
}