{
  "tau_requested": 0.1,
  "empirical_rate": 0.1249442213297635,
  "n_total": 6723,
  "n_flipped": 840,
  "per_class_flip_rate": {
    "akiec": 0.09268292682926829,
    "bcc": 0.14915254237288136,
    "bkl": 0.11773700305810397,
    "df": 0.16923076923076924,
    "mel": 0.13562386980108498,
    "nv": 0.1248200699156899,
    "vasc": 0.07954545454545454
  }
}