{
  "tau_requested": 0.5,
  "empirical_rate": 0.4990331697159006,
  "n_total": 6723,
  "n_flipped": 3355,
  "per_class_flip_rate": {
    "akiec": 0.4926829268292683,
    "bcc": 0.5694915254237288,
    "bkl": 0.4724770642201835,
    "df": 0.5076923076923077,
    "mel": 0.484629294755877,
    "nv": 0.5023647953937899,
    "vasc": 0.375
  }
}