{
  "tau_requested": 0.1,
  "empirical_rate": 0.13000148743120632,
  "n_total": 6723,
  "n_flipped": 874,
  "per_class_flip_rate": {
    "akiec": 0.11707317073170732,
    "bcc": 0.15306122448979592,
    "bkl": 0.11773700305810397,
    "df": 0.09090909090909091,
    "mel": 0.1301989150090416,
    "nv": 0.13119473575981905,
    "vasc": 0.13636363636363635
  }
}