{
  "tau_requested": 0.2,
  "empirical_rate": 0.20273687341960434,
  "n_total": 6723,
  "n_flipped": 1363,
  "per_class_flip_rate": {
    "akiec": 0.18048780487804877,
    "bcc": 0.17687074829931973,
    "bkl": 0.21406727828746178,
    "df": 0.16666666666666666,
    "mel": 0.22784810126582278,
    "nv": 0.2021385975735143,
    "vasc": 0.1590909090909091
  }
}