{
  "tau_requested": 0.4,
  "empirical_rate": 0.3949129852744311,
  "n_total": 6723,
  "n_flipped": 2655,
  "per_class_flip_rate": {
    "akiec": 0.45365853658536587,
    "bcc": 0.445578231292517,
    "bkl": 0.39755351681957185,
    "df": 0.36363636363636365,
    "mel": 0.3924050632911392,
    "nv": 0.3892658852560148,
    "vasc": 0.42045454545454547
  }
}