{
  "tau_requested": 0.5,
  "empirical_rate": 0.48832366503049235,
  "n_total": 6723,
  "n_flipped": 3283,
  "per_class_flip_rate": {
    "akiec": 0.5170731707317073,
    "bcc": 0.5170068027210885,
    "bkl": 0.4847094801223242,
    "df": 0.42424242424242425,
    "mel": 0.5081374321880651,
    "nv": 0.48406333538967716,
    "vasc": 0.5113636363636364
  }
}