{
  "tau_requested": 0.5,
  "empirical_rate": 0.4910010412018444,
  "n_total": 6723,
  "n_flipped": 3301,
  "per_class_flip_rate": {
    "akiec": 0.47317073170731705,
    "bcc": 0.47959183673469385,
    "bkl": 0.4954128440366973,
    "df": 0.5757575757575758,
    "mel": 0.4918625678119349,
    "nv": 0.4904380012338063,
    "vasc": 0.5
  }
}