{
  "tau_requested": 0.1,
  "empirical_rate": 0.12791908374237693,
  "n_total": 6723,
  "n_flipped": 860,
  "per_class_flip_rate": {
    "akiec": 0.11219512195121951,
    "bcc": 0.10508474576271186,
    "bkl": 0.1480916030534351,
    "df": 0.12307692307692308,
    "mel": 0.15760869565217392,
    "nv": 0.12402303578774167,
    "vasc": 0.12359550561797752
  }
}