{
  "tau_requested": 0.2,
  "empirical_rate": 0.201546928454559,
  "n_total": 6723,
  "n_flipped": 1355,
  "per_class_flip_rate": {
    "akiec": 0.18932038834951456,
    "bcc": 0.18027210884353742,
    "bkl": 0.20642201834862386,
    "df": 0.24242424242424243,
    "mel": 0.20833333333333334,
    "nv": 0.20028788813489615,
    "vasc": 0.26136363636363635
  }
}