{
  "tau_requested": 0.2,
  "empirical_rate": 0.2005057266101443,
  "n_total": 6723,
  "n_flipped": 1348,
  "per_class_flip_rate": {
    "akiec": 0.1650485436893204,
    "bcc": 0.18027210884353742,
    "bkl": 0.20948012232415902,
    "df": 0.16666666666666666,
    "mel": 0.21920289855072464,
    "nv": 0.2009047912811022,
    "vasc": 0.17045454545454544
  }
}