{
  "tau_requested": 0.2,
  "empirical_rate": 0.2070504239178938,
  "n_total": 6723,
  "n_flipped": 1392,
  "per_class_flip_rate": {
    "akiec": 0.2,
    "bcc": 0.1870748299319728,
    "bkl": 0.22018348623853212,
    "df": 0.12121212121212122,
    "mel": 0.19710669077757687,
    "nv": 0.20913016656384947,
    "vasc": 0.20454545454545456
  }
}