{
  "tau_requested": 0.2,
  "empirical_rate": 0.19827457980068422,
  "n_total": 6723,
  "n_flipped": 1333,
  "per_class_flip_rate": {
    "akiec": 0.1650485436893204,
    "bcc": 0.17346938775510204,
    "bkl": 0.21406727828746178,
    "df": 0.16666666666666666,
    "mel": 0.19927536231884058,
    "nv": 0.1998766193707588,
    "vasc": 0.17045454545454544
  }
}