{
  "tau_requested": 0.1,
  "empirical_rate": 0.12925777182805295,
  "n_total": 6723,
  "n_flipped": 869,
  "per_class_flip_rate": {
    "akiec": 0.14146341463414633,
    "bcc": 0.13220338983050847,
    "bkl": 0.11450381679389313,
    "df": 0.12307692307692308,
    "mel": 0.1068840579710145,
    "nv": 0.1320444261620732,
    "vasc": 0.19101123595505617
  }
}