{
  "tau_requested": 0.1,
  "empirical_rate": 0.12598542317417818,
  "n_total": 6723,
  "n_flipped": 847,
  "per_class_flip_rate": {
    "akiec": 0.11165048543689321,
    "bcc": 0.12585034013605442,
    "bkl": 0.12996941896024464,
    "df": 0.18181818181818182,
    "mel": 0.14130434782608695,
    "nv": 0.12235245733086572,
    "vasc": 0.19318181818181818
  }
}