{
  "tau_requested": 0.4,
  "empirical_rate": 0.39253309534434033,
  "n_total": 6723,
  "n_flipped": 2639,
  "per_class_flip_rate": {
    "akiec": 0.35121951219512193,
    "bcc": 0.39322033898305087,
    "bkl": 0.3893129770992366,
    "df": 0.2923076923076923,
    "mel": 0.4257246376811594,
    "nv": 0.39201974496092146,
    "vasc": 0.4044943820224719
  }
}