{
  "tau_requested": 0.1,
  "empirical_rate": 0.12821656998363826,
  "n_total": 6723,
  "n_flipped": 862,
  "per_class_flip_rate": {
    "akiec": 0.15121951219512195,
    "bcc": 0.15306122448979592,
    "bkl": 0.12385321100917432,
    "df": 0.16666666666666666,
    "mel": 0.1301989150090416,
    "nv": 0.12625951059017068,
    "vasc": 0.09090909090909091
  }
}