{
  "tau_requested": 0.4,
  "empirical_rate": 0.4019039119440726,
  "n_total": 6723,
  "n_flipped": 2702,
  "per_class_flip_rate": {
    "akiec": 0.4195121951219512,
    "bcc": 0.42857142857142855,
    "bkl": 0.3837920489296636,
    "df": 0.3333333333333333,
    "mel": 0.3707052441229656,
    "nv": 0.4067448077318528,
    "vasc": 0.38636363636363635
  }
}