{
  "tau_requested": 0.1,
  "empirical_rate": 0.12896028558679162,
  "n_total": 6723,
  "n_flipped": 867,
  "per_class_flip_rate": {
    "akiec": 0.13106796116504854,
    "bcc": 0.10204081632653061,
    "bkl": 0.14045801526717558,
    "df": 0.09090909090909091,
    "mel": 0.11775362318840579,
    "nv": 0.13101604278074866,
    "vasc": 0.11363636363636363
  }
}