{
  "tau_requested": 0.4,
  "empirical_rate": 0.4078536367692994,
  "n_total": 6723,
  "n_flipped": 2742,
  "per_class_flip_rate": {
    "akiec": 0.4097560975609756,
    "bcc": 0.4271186440677966,
    "bkl": 0.3984732824427481,
    "df": 0.4153846153846154,
    "mel": 0.40217391304347827,
    "nv": 0.4076511723570547,
    "vasc": 0.449438202247191
  }
}