{
  "tau_requested": 0.4,
  "empirical_rate": 0.40160642570281124,
  "n_total": 6723,
  "n_flipped": 2700,
  "per_class_flip_rate": {
    "akiec": 0.4097560975609756,
    "bcc": 0.336734693877551,
    "bkl": 0.44036697247706424,
    "df": 0.24242424242424243,
    "mel": 0.38698010849909587,
    "nv": 0.40324902323668516,
    "vasc": 0.4318181818181818
  }
}