{
  "tau_requested": 0.3,
  "empirical_rate": 0.30165104863900044,
  "n_total": 6723,
  "n_flipped": 2028,
  "per_class_flip_rate": {
    "akiec": 0.2961165048543689,
    "bcc": 0.2891156462585034,
    "bkl": 0.2870229007633588,
    "df": 0.3333333333333333,
    "mel": 0.2807971014492754,
    "nv": 0.3060468942821884,
    "vasc": 0.32954545454545453
  }
}