dataset,tau,mean_feature_driven,mean_normalized,delta_fd_minus_norm,delta_ci_lo,delta_ci_hi,r_rb,wilcoxon_W,p_value,p_perm,direction,p_wilcoxon_holm,p_perm_holm,sig,sig_perm,concordant,flag,p_value_holm,significant_holm,sig_code
imbalanced,0.1,0.1002331490754417,0.2118829874842231,-0.11164983840878137,-0.1291789340523657,-0.0934716645960304,-1.0,0.0,0.001953125,0.001953125,-1,0.009765625,0.009765625,-**,-**,True,,0.009765625,True,-**
imbalanced,0.2,0.09494237450979151,0.21213237893061,-0.1171900044208185,-0.13585947071446744,-0.09735020230597133,-1.0,0.0,0.001953125,0.001953125,-1,0.009765625,0.009765625,-**,-**,True,,0.009765625,True,-**
imbalanced,0.3,0.09333479231951572,0.21095756456813275,-0.11762277224861709,-0.13699019468255189,-0.09865870598989811,-1.0,0.0,0.001953125,0.001953125,-1,0.009765625,0.009765625,-**,-**,True,,0.009765625,True,-**
imbalanced,0.4,0.09299546603136,0.21061691879355351,-0.11762145276219353,-0.1370619507241039,-0.09864297327440416,-1.0,0.0,0.001953125,0.001953125,-1,0.009765625,0.009765625,-**,-**,True,,0.009765625,True,-**
imbalanced,0.5,0.09299141696239445,0.2111069676737773,-0.11811555071138287,-0.13853869274825076,-0.09763937760027366,-1.0,0.0,0.001953125,0.001953125,-1,0.009765625,0.009765625,-**,-**,True,,0.009765625,True,-**
