dataset,tau,mean_feature_driven,mean_normalized,delta_fd_minus_norm,delta_ci_lo,delta_ci_hi,r_rb,wilcoxon_W,p_value,p_perm,direction,p_wilcoxon_holm,p_perm_holm,sig,sig_perm,concordant,flag,p_value_holm,significant_holm,sig_code
imbalanced,0.1,0.868088871659751,0.39994772148266006,0.4681411501770909,0.3884811336380686,0.5456610394627613,1.0,0.0,0.001953125,0.001953125,1,0.009765625,0.009765625,+**,+**,True,,0.009765625,True,+**
imbalanced,0.2,0.8913132262003474,0.3954146856216249,0.4958985405787225,0.4098155947478941,0.5778898323528486,1.0,0.0,0.001953125,0.001953125,1,0.009765625,0.009765625,+**,+**,True,,0.009765625,True,+**
imbalanced,0.3,0.8975671109943587,0.3962036963462864,0.5013634146480724,0.41988983923243844,0.5811874194510737,1.0,0.0,0.001953125,0.001953125,1,0.009765625,0.009765625,+**,+**,True,,0.009765625,True,+**
imbalanced,0.4,0.89650113912514,0.39736582545743054,0.4991353136677096,0.414122940602106,0.5826365854968143,1.0,0.0,0.001953125,0.001953125,1,0.009765625,0.009765625,+**,+**,True,,0.009765625,True,+**
imbalanced,0.5,0.8984336371837705,0.3953957858549412,0.5030378513288293,0.41543229558252137,0.5885948799475922,1.0,0.0,0.001953125,0.001953125,1,0.009765625,0.009765625,+**,+**,True,,0.009765625,True,+**
