{
  "tau_requested": 0.5,
  "empirical_rate": 0.4956120779413952,
  "n_total": 6723,
  "n_flipped": 3332,
  "per_class_flip_rate": {
    "akiec": 0.46116504854368934,
    "bcc": 0.4897959183673469,
    "bkl": 0.500763358778626,
    "df": 0.6212121212121212,
    "mel": 0.5,
    "nv": 0.4956807897984369,
    "vasc": 0.4318181818181818
  }
}