{
  "tau_requested": 0.1,
  "empirical_rate": 0.12777034062174625,
  "n_total": 6723,
  "n_flipped": 859,
  "per_class_flip_rate": {
    "akiec": 0.11219512195121951,
    "bcc": 0.09491525423728814,
    "bkl": 0.1465648854961832,
    "df": 0.13846153846153847,
    "mel": 0.15760869565217392,
    "nv": 0.1244343891402715,
    "vasc": 0.12359550561797752
  }
}