{
  "tau_requested": 0.2,
  "empirical_rate": 0.2106202588130299,
  "n_total": 6723,
  "n_flipped": 1416,
  "per_class_flip_rate": {
    "akiec": 0.17073170731707318,
    "bcc": 0.23389830508474577,
    "bkl": 0.1834862385321101,
    "df": 0.24615384615384617,
    "mel": 0.21518987341772153,
    "nv": 0.2144766604976352,
    "vasc": 0.1590909090909091
  }
}