{
  "tau_requested": 0.1,
  "empirical_rate": 0.13029897367246765,
  "n_total": 6723,
  "n_flipped": 876,
  "per_class_flip_rate": {
    "akiec": 0.1024390243902439,
    "bcc": 0.1292517006802721,
    "bkl": 0.11773700305810397,
    "df": 0.15151515151515152,
    "mel": 0.12658227848101267,
    "nv": 0.13345671396257455,
    "vasc": 0.125
  }
}