{
  "tau_requested": 0.5,
  "empirical_rate": 0.4945708760969805,
  "n_total": 6723,
  "n_flipped": 3325,
  "per_class_flip_rate": {
    "akiec": 0.40487804878048783,
    "bcc": 0.511864406779661,
    "bkl": 0.4961832061068702,
    "df": 0.3230769230769231,
    "mel": 0.5144927536231884,
    "nv": 0.4979432332373509,
    "vasc": 0.449438202247191
  }
}