{
  "tau_requested": 0.3,
  "empirical_rate": 0.30016361743269376,
  "n_total": 6723,
  "n_flipped": 2018,
  "per_class_flip_rate": {
    "akiec": 0.2731707317073171,
    "bcc": 0.2925170068027211,
    "bkl": 0.29357798165137616,
    "df": 0.3333333333333333,
    "mel": 0.325497287522604,
    "nv": 0.2987867571457948,
    "vasc": 0.32954545454545453
  }
}