{
  "tau_requested": 0.2,
  "empirical_rate": 0.2121076900193366,
  "n_total": 6723,
  "n_flipped": 1426,
  "per_class_flip_rate": {
    "akiec": 0.16097560975609757,
    "bcc": 0.1864406779661017,
    "bkl": 0.24274809160305344,
    "df": 0.16923076923076924,
    "mel": 0.2246376811594203,
    "nv": 0.21061291649526945,
    "vasc": 0.2247191011235955
  }
}