{
  "tau_requested": 0.1,
  "empirical_rate": 0.12910902870742227,
  "n_total": 6723,
  "n_flipped": 868,
  "per_class_flip_rate": {
    "akiec": 0.11707317073170732,
    "bcc": 0.15306122448979592,
    "bkl": 0.11467889908256881,
    "df": 0.10606060606060606,
    "mel": 0.12477396021699819,
    "nv": 0.1307834669956817,
    "vasc": 0.13636363636363635
  }
}