{
  "tau_requested": 0.3,
  "empirical_rate": 0.30730328722296596,
  "n_total": 6723,
  "n_flipped": 2066,
  "per_class_flip_rate": {
    "akiec": 0.33170731707317075,
    "bcc": 0.3333333333333333,
    "bkl": 0.2889908256880734,
    "df": 0.30303030303030304,
    "mel": 0.29475587703435807,
    "nv": 0.3074234011926794,
    "vasc": 0.375
  }
}