{
  "tau_requested": 0.5,
  "empirical_rate": 0.4968020229064406,
  "n_total": 6723,
  "n_flipped": 3340,
  "per_class_flip_rate": {
    "akiec": 0.49514563106796117,
    "bcc": 0.4897959183673469,
    "bkl": 0.48396946564885496,
    "df": 0.5151515151515151,
    "mel": 0.45471014492753625,
    "nv": 0.5034965034965035,
    "vasc": 0.5
  }
}