{
  "tau_requested": 0.2,
  "empirical_rate": 0.21225643313996728,
  "n_total": 6723,
  "n_flipped": 1427,
  "per_class_flip_rate": {
    "akiec": 0.16097560975609757,
    "bcc": 0.17627118644067796,
    "bkl": 0.24122137404580152,
    "df": 0.18461538461538463,
    "mel": 0.2246376811594203,
    "nv": 0.21143562320032908,
    "vasc": 0.2247191011235955
  }
}