{
  "tau_requested": 0.5,
  "empirical_rate": 0.49546333482076454,
  "n_total": 6723,
  "n_flipped": 3331,
  "per_class_flip_rate": {
    "akiec": 0.44390243902439025,
    "bcc": 0.47278911564625853,
    "bkl": 0.4892966360856269,
    "df": 0.45454545454545453,
    "mel": 0.5334538878842676,
    "nv": 0.49537322640345466,
    "vasc": 0.5340909090909091
  }
}