{
  "tau_requested": 0.1,
  "empirical_rate": 0.12732411125985424,
  "n_total": 6723,
  "n_flipped": 856,
  "per_class_flip_rate": {
    "akiec": 0.11707317073170732,
    "bcc": 0.15593220338983052,
    "bkl": 0.12213740458015267,
    "df": 0.07692307692307693,
    "mel": 0.13405797101449277,
    "nv": 0.12669683257918551,
    "vasc": 0.12359550561797752
  }
}