{
  "tau_requested": 0.5,
  "empirical_rate": 0.5021567752491447,
  "n_total": 6723,
  "n_flipped": 3376,
  "per_class_flip_rate": {
    "akiec": 0.424390243902439,
    "bcc": 0.5136054421768708,
    "bkl": 0.4938837920489297,
    "df": 0.5303030303030303,
    "mel": 0.5207956600361664,
    "nv": 0.5015422578655151,
    "vasc": 0.6022727272727273
  }
}