{
  "tau_requested": 0.4,
  "empirical_rate": 0.40354008627100996,
  "n_total": 6723,
  "n_flipped": 2713,
  "per_class_flip_rate": {
    "akiec": 0.35121951219512193,
    "bcc": 0.46440677966101696,
    "bkl": 0.3746177370030581,
    "df": 0.4153846153846154,
    "mel": 0.3924050632911392,
    "nv": 0.40941805469874565,
    "vasc": 0.2727272727272727
  }
}