{
  "tau_requested": 0.4,
  "empirical_rate": 0.4019039119440726,
  "n_total": 6723,
  "n_flipped": 2702,
  "per_class_flip_rate": {
    "akiec": 0.4195121951219512,
    "bcc": 0.42857142857142855,
    "bkl": 0.38685015290519875,
    "df": 0.3181818181818182,
    "mel": 0.37251356238698013,
    "nv": 0.4063335389677154,
    "vasc": 0.38636363636363635
  }
}