{
  "tau_requested": 0.2,
  "empirical_rate": 0.20169567157518964,
  "n_total": 6723,
  "n_flipped": 1356,
  "per_class_flip_rate": {
    "akiec": 0.17073170731707318,
    "bcc": 0.2305084745762712,
    "bkl": 0.17584097859327216,
    "df": 0.2153846153846154,
    "mel": 0.22603978300180833,
    "nv": 0.20254986633765165,
    "vasc": 0.1590909090909091
  }
}