{
  "tau_requested": 0.3,
  "empirical_rate": 0.2992711587089097,
  "n_total": 6723,
  "n_flipped": 2012,
  "per_class_flip_rate": {
    "akiec": 0.2731707317073171,
    "bcc": 0.3163265306122449,
    "bkl": 0.2966360856269113,
    "df": 0.3484848484848485,
    "mel": 0.3074141048824593,
    "nv": 0.29775858523545135,
    "vasc": 0.3181818181818182
  }
}