{
  "tau_requested": 0.1,
  "empirical_rate": 0.12196935891715008,
  "n_total": 6723,
  "n_flipped": 820,
  "per_class_flip_rate": {
    "akiec": 0.1024390243902439,
    "bcc": 0.1326530612244898,
    "bkl": 0.11162079510703364,
    "df": 0.07575757575757576,
    "mel": 0.11573236889692586,
    "nv": 0.12420316676948386,
    "vasc": 0.1590909090909091
  }
}