{
  "tau_requested": 0.1,
  "empirical_rate": 0.13208389112003568,
  "n_total": 6723,
  "n_flipped": 888,
  "per_class_flip_rate": {
    "akiec": 0.11707317073170732,
    "bcc": 0.1360544217687075,
    "bkl": 0.1452599388379205,
    "df": 0.07575757575757576,
    "mel": 0.13743218806509946,
    "nv": 0.1307834669956817,
    "vasc": 0.13636363636363635
  }
}