{
  "tau_requested": 0.2,
  "empirical_rate": 0.21091774505429123,
  "n_total": 6723,
  "n_flipped": 1418,
  "per_class_flip_rate": {
    "akiec": 0.22926829268292684,
    "bcc": 0.23809523809523808,
    "bkl": 0.21406727828746178,
    "df": 0.21212121212121213,
    "mel": 0.19891500904159132,
    "nv": 0.20851326341764342,
    "vasc": 0.26136363636363635
  }
}