{
  "tau_requested": 0.1,
  "empirical_rate": 0.12732411125985424,
  "n_total": 6723,
  "n_flipped": 856,
  "per_class_flip_rate": {
    "akiec": 0.15121951219512195,
    "bcc": 0.15306122448979592,
    "bkl": 0.12385321100917432,
    "df": 0.15151515151515152,
    "mel": 0.12839059674502712,
    "nv": 0.12543697306189594,
    "vasc": 0.09090909090909091
  }
}