{
  "tau_requested": 0.3,
  "empirical_rate": 0.30477465417224453,
  "n_total": 6723,
  "n_flipped": 2049,
  "per_class_flip_rate": {
    "akiec": 0.34146341463414637,
    "bcc": 0.31186440677966104,
    "bkl": 0.29923664122137406,
    "df": 0.3384615384615385,
    "mel": 0.26268115942028986,
    "nv": 0.3076923076923077,
    "vasc": 0.3146067415730337
  }
}