{
  "tau_requested": 0.3,
  "empirical_rate": 0.29763498438197233,
  "n_total": 6723,
  "n_flipped": 2001,
  "per_class_flip_rate": {
    "akiec": 0.3073170731707317,
    "bcc": 0.2687074829931973,
    "bkl": 0.3211009174311927,
    "df": 0.15151515151515152,
    "mel": 0.27848101265822783,
    "nv": 0.29940366029200083,
    "vasc": 0.32954545454545453
  }
}