{
  "tau_requested": 0.3,
  "empirical_rate": 0.3017997917596311,
  "n_total": 6723,
  "n_flipped": 2029,
  "per_class_flip_rate": {
    "akiec": 0.3024390243902439,
    "bcc": 0.3197278911564626,
    "bkl": 0.28287461773700306,
    "df": 0.22727272727272727,
    "mel": 0.28390596745027125,
    "nv": 0.3066008636644047,
    "vasc": 0.2840909090909091
  }
}