{
  "tau_requested": 0.2,
  "empirical_rate": 0.20779413952104714,
  "n_total": 6723,
  "n_flipped": 1397,
  "per_class_flip_rate": {
    "akiec": 0.2048780487804878,
    "bcc": 0.23809523809523808,
    "bkl": 0.20336391437308868,
    "df": 0.21212121212121213,
    "mel": 0.19349005424954793,
    "nv": 0.20851326341764342,
    "vasc": 0.19318181818181818
  }
}