{
  "tau_requested": 0.2,
  "empirical_rate": 0.21091774505429123,
  "n_total": 6723,
  "n_flipped": 1418,
  "per_class_flip_rate": {
    "akiec": 0.1902439024390244,
    "bcc": 0.21428571428571427,
    "bkl": 0.19877675840978593,
    "df": 0.24242424242424243,
    "mel": 0.21880650994575046,
    "nv": 0.21139214476660498,
    "vasc": 0.23863636363636365
  }
}