{
  "tau_requested": 0.5,
  "empirical_rate": 0.49129852744310576,
  "n_total": 6723,
  "n_flipped": 3303,
  "per_class_flip_rate": {
    "akiec": 0.4926829268292683,
    "bcc": 0.5525423728813559,
    "bkl": 0.4602446483180428,
    "df": 0.46153846153846156,
    "mel": 0.49547920433996384,
    "nv": 0.4937281513469052,
    "vasc": 0.375
  }
}