{
  "tau_requested": 0.2,
  "empirical_rate": 0.20898408448609251,
  "n_total": 6723,
  "n_flipped": 1405,
  "per_class_flip_rate": {
    "akiec": 0.2146341463414634,
    "bcc": 0.1870748299319728,
    "bkl": 0.23394495412844038,
    "df": 0.25757575757575757,
    "mel": 0.2206148282097649,
    "nv": 0.20481184454040716,
    "vasc": 0.20454545454545456
  }
}