{
  "tau_requested": 0.3,
  "empirical_rate": 0.30060984679458574,
  "n_total": 6723,
  "n_flipped": 2021,
  "per_class_flip_rate": {
    "akiec": 0.3058252427184466,
    "bcc": 0.2891156462585034,
    "bkl": 0.2996941896024465,
    "df": 0.3181818181818182,
    "mel": 0.3079710144927536,
    "nv": 0.3004318322023442,
    "vasc": 0.2840909090909091
  }
}