{
  "tau_requested": 0.2,
  "empirical_rate": 0.20719916703852448,
  "n_total": 6723,
  "n_flipped": 1393,
  "per_class_flip_rate": {
    "akiec": 0.1902439024390244,
    "bcc": 0.2305084745762712,
    "bkl": 0.20763358778625954,
    "df": 0.12307692307692308,
    "mel": 0.22282608695652173,
    "nv": 0.20608802961744138,
    "vasc": 0.19101123595505617
  }
}