{
  "tau_requested": 0.3,
  "empirical_rate": 0.3111706083593634,
  "n_total": 6723,
  "n_flipped": 2092,
  "per_class_flip_rate": {
    "akiec": 0.25853658536585367,
    "bcc": 0.29491525423728815,
    "bkl": 0.33587786259541985,
    "df": 0.2153846153846154,
    "mel": 0.3333333333333333,
    "nv": 0.30995475113122173,
    "vasc": 0.30337078651685395
  }
}