{
  "tau_requested": 0.4,
  "empirical_rate": 0.39952402201398185,
  "n_total": 6723,
  "n_flipped": 2686,
  "per_class_flip_rate": {
    "akiec": 0.4146341463414634,
    "bcc": 0.43050847457627117,
    "bkl": 0.39236641221374047,
    "df": 0.4461538461538462,
    "mel": 0.338768115942029,
    "nv": 0.4043603455368161,
    "vasc": 0.39325842696629215
  }
}