{
  "tau_requested": 0.3,
  "empirical_rate": 0.3031384798453072,
  "n_total": 6723,
  "n_flipped": 2038,
  "per_class_flip_rate": {
    "akiec": 0.2961165048543689,
    "bcc": 0.2891156462585034,
    "bkl": 0.2885496183206107,
    "df": 0.3333333333333333,
    "mel": 0.29528985507246375,
    "nv": 0.3062525709584533,
    "vasc": 0.32954545454545453
  }
}