{
  "tau_requested": 0.5,
  "empirical_rate": 0.5064703257474342,
  "n_total": 6723,
  "n_flipped": 3405,
  "per_class_flip_rate": {
    "akiec": 0.4682926829268293,
    "bcc": 0.4406779661016949,
    "bkl": 0.5328244274809161,
    "df": 0.46153846153846156,
    "mel": 0.5507246376811594,
    "nv": 0.5039078568490333,
    "vasc": 0.5168539325842697
  }
}