{
  "tau_requested": 0.2,
  "empirical_rate": 0.2080916257623085,
  "n_total": 6723,
  "n_flipped": 1399,
  "per_class_flip_rate": {
    "akiec": 0.2048780487804878,
    "bcc": 0.22789115646258504,
    "bkl": 0.20795107033639143,
    "df": 0.24242424242424243,
    "mel": 0.2007233273056058,
    "nv": 0.20748509150730002,
    "vasc": 0.20454545454545456
  }
}