{
  "tau_requested": 0.4,
  "empirical_rate": 0.3897069760523576,
  "n_total": 6723,
  "n_flipped": 2620,
  "per_class_flip_rate": {
    "akiec": 0.36893203883495146,
    "bcc": 0.36054421768707484,
    "bkl": 0.3938931297709924,
    "df": 0.5454545454545454,
    "mel": 0.3858695652173913,
    "nv": 0.3911970382558618,
    "vasc": 0.32954545454545453
  }
}