{
  "tau_requested": 0.3,
  "empirical_rate": 0.30670831474044324,
  "n_total": 6723,
  "n_flipped": 2062,
  "per_class_flip_rate": {
    "akiec": 0.2634146341463415,
    "bcc": 0.3525423728813559,
    "bkl": 0.28287461773700306,
    "df": 0.3230769230769231,
    "mel": 0.30198915009041594,
    "nv": 0.3107135513057783,
    "vasc": 0.22727272727272727
  }
}