{
  "tau_requested": 0.2,
  "empirical_rate": 0.19678714859437751,
  "n_total": 6723,
  "n_flipped": 1323,
  "per_class_flip_rate": {
    "akiec": 0.18048780487804877,
    "bcc": 0.22108843537414966,
    "bkl": 0.19724770642201836,
    "df": 0.30303030303030304,
    "mel": 0.1844484629294756,
    "nv": 0.19596956611145383,
    "vasc": 0.19318181818181818
  }
}