{
  "tau_requested": 0.3,
  "empirical_rate": 0.3013535623977391,
  "n_total": 6723,
  "n_flipped": 2026,
  "per_class_flip_rate": {
    "akiec": 0.34146341463414637,
    "bcc": 0.3050847457627119,
    "bkl": 0.28549618320610687,
    "df": 0.3384615384615385,
    "mel": 0.2463768115942029,
    "nv": 0.30707527766351295,
    "vasc": 0.3146067415730337
  }
}