{
  "tau_requested": 0.4,
  "empirical_rate": 0.3978878476870445,
  "n_total": 6723,
  "n_flipped": 2675,
  "per_class_flip_rate": {
    "akiec": 0.35609756097560974,
    "bcc": 0.4013605442176871,
    "bkl": 0.38837920489296635,
    "df": 0.4393939393939394,
    "mel": 0.3779385171790235,
    "nv": 0.4005757762697923,
    "vasc": 0.5
  }
}