{
  "tau_requested": 0.5,
  "empirical_rate": 0.5040904358173435,
  "n_total": 6723,
  "n_flipped": 3389,
  "per_class_flip_rate": {
    "akiec": 0.551219512195122,
    "bcc": 0.5136054421768708,
    "bkl": 0.5045871559633027,
    "df": 0.45454545454545453,
    "mel": 0.48282097649186256,
    "nv": 0.5044211392144766,
    "vasc": 0.5113636363636364
  }
}