{
  "tau_requested": 0.5,
  "empirical_rate": 0.49962814219842333,
  "n_total": 6723,
  "n_flipped": 3359,
  "per_class_flip_rate": {
    "akiec": 0.49514563106796117,
    "bcc": 0.4897959183673469,
    "bkl": 0.4854961832061069,
    "df": 0.5151515151515151,
    "mel": 0.49094202898550726,
    "nv": 0.5030851501439737,
    "vasc": 0.5
  }
}