{
  "tau_requested": 0.3,
  "empirical_rate": 0.30358470920719915,
  "n_total": 6723,
  "n_flipped": 2041,
  "per_class_flip_rate": {
    "akiec": 0.2926829268292683,
    "bcc": 0.3333333333333333,
    "bkl": 0.3012232415902141,
    "df": 0.3787878787878788,
    "mel": 0.2857142857142857,
    "nv": 0.3031050791692371,
    "vasc": 0.32954545454545453
  }
}