{
  "tau_requested": 0.2,
  "empirical_rate": 0.20318310278149634,
  "n_total": 6723,
  "n_flipped": 1366,
  "per_class_flip_rate": {
    "akiec": 0.21844660194174756,
    "bcc": 0.2108843537414966,
    "bkl": 0.20458015267175572,
    "df": 0.15151515151515152,
    "mel": 0.19021739130434784,
    "nv": 0.20341423282599752,
    "vasc": 0.23863636363636365
  }
}