{
  "tau_requested": 0.4,
  "empirical_rate": 0.4084486092518221,
  "n_total": 6723,
  "n_flipped": 2746,
  "per_class_flip_rate": {
    "akiec": 0.35121951219512193,
    "bcc": 0.38305084745762713,
    "bkl": 0.44580152671755724,
    "df": 0.35384615384615387,
    "mel": 0.43478260869565216,
    "nv": 0.4060057589469354,
    "vasc": 0.3595505617977528
  }
}