{
  "tau_requested": 0.4,
  "empirical_rate": 0.39937527889335117,
  "n_total": 6723,
  "n_flipped": 2685,
  "per_class_flip_rate": {
    "akiec": 0.3951219512195122,
    "bcc": 0.41156462585034015,
    "bkl": 0.382262996941896,
    "df": 0.4393939393939394,
    "mel": 0.3996383363471971,
    "nv": 0.40016450750565496,
    "vasc": 0.42045454545454547
  }
}