{
  "tau_requested": 0.3,
  "empirical_rate": 0.2962962962962963,
  "n_total": 6723,
  "n_flipped": 1992,
  "per_class_flip_rate": {
    "akiec": 0.28640776699029125,
    "bcc": 0.2891156462585034,
    "bkl": 0.3083969465648855,
    "df": 0.3787878787878788,
    "mel": 0.3007246376811594,
    "nv": 0.295351707116413,
    "vasc": 0.2159090909090909
  }
}