{
  "tau_requested": 0.1,
  "empirical_rate": 0.12420050572661015,
  "n_total": 6723,
  "n_flipped": 835,
  "per_class_flip_rate": {
    "akiec": 0.0825242718446602,
    "bcc": 0.11904761904761904,
    "bkl": 0.12538226299694188,
    "df": 0.12121212121212122,
    "mel": 0.1358695652173913,
    "nv": 0.12502570429775858,
    "vasc": 0.11363636363636363
  }
}