{
  "tau_requested": 0.1,
  "empirical_rate": 0.12345679012345678,
  "n_total": 6723,
  "n_flipped": 830,
  "per_class_flip_rate": {
    "akiec": 0.0825242718446602,
    "bcc": 0.11224489795918367,
    "bkl": 0.13608562691131498,
    "df": 0.09090909090909091,
    "mel": 0.12681159420289856,
    "nv": 0.12440880115155253,
    "vasc": 0.11363636363636363
  }
}