{
  "tau_requested": 0.1,
  "empirical_rate": 0.12672913877733155,
  "n_total": 6723,
  "n_flipped": 852,
  "per_class_flip_rate": {
    "akiec": 0.15121951219512195,
    "bcc": 0.12203389830508475,
    "bkl": 0.1251908396946565,
    "df": 0.12307692307692308,
    "mel": 0.10869565217391304,
    "nv": 0.12854792266556972,
    "vasc": 0.11235955056179775
  }
}