{
  "tau_requested": 0.3,
  "empirical_rate": 0.2997173880708017,
  "n_total": 6723,
  "n_flipped": 2015,
  "per_class_flip_rate": {
    "akiec": 0.3058252427184466,
    "bcc": 0.282312925170068,
    "bkl": 0.3119266055045872,
    "df": 0.30303030303030304,
    "mel": 0.29347826086956524,
    "nv": 0.2998149290561382,
    "vasc": 0.2840909090909091
  }
}