{
  "tau_requested": 0.1,
  "empirical_rate": 0.13089394615499034,
  "n_total": 6723,
  "n_flipped": 880,
  "per_class_flip_rate": {
    "akiec": 0.1073170731707317,
    "bcc": 0.1360544217687075,
    "bkl": 0.1345565749235474,
    "df": 0.13636363636363635,
    "mel": 0.1410488245931284,
    "nv": 0.1293440263212009,
    "vasc": 0.1590909090909091
  }
}