{
  "tau_requested": 0.5,
  "empirical_rate": 0.5098914175219396,
  "n_total": 6723,
  "n_flipped": 3428,
  "per_class_flip_rate": {
    "akiec": 0.5024390243902439,
    "bcc": 0.5288135593220339,
    "bkl": 0.5099236641221374,
    "df": 0.47692307692307695,
    "mel": 0.4945652173913043,
    "nv": 0.5111065405183052,
    "vasc": 0.5168539325842697
  }
}