{
  "tau_requested": 0.5,
  "empirical_rate": 0.5089989587981556,
  "n_total": 6723,
  "n_flipped": 3422,
  "per_class_flip_rate": {
    "akiec": 0.5073170731707317,
    "bcc": 0.6054421768707483,
    "bkl": 0.5015290519877675,
    "df": 0.5,
    "mel": 0.49547920433996384,
    "nv": 0.5044211392144766,
    "vasc": 0.5909090909090909
  }
}