{
  "tau_requested": 0.2,
  "empirical_rate": 0.2064554514353711,
  "n_total": 6723,
  "n_flipped": 1388,
  "per_class_flip_rate": {
    "akiec": 0.19902912621359223,
    "bcc": 0.19727891156462585,
    "bkl": 0.20610687022900764,
    "df": 0.24242424242424243,
    "mel": 0.20652173913043478,
    "nv": 0.20732208967503085,
    "vasc": 0.18181818181818182
  }
}