{
  "tau_requested": 0.4,
  "empirical_rate": 0.41038226982002085,
  "n_total": 6723,
  "n_flipped": 2759,
  "per_class_flip_rate": {
    "akiec": 0.4292682926829268,
    "bcc": 0.46938775510204084,
    "bkl": 0.40519877675840976,
    "df": 0.4393939393939394,
    "mel": 0.3996383363471971,
    "nv": 0.40653917334978407,
    "vasc": 0.4659090909090909
  }
}