{
  "tau_requested": 0.2,
  "empirical_rate": 0.19931578164509892,
  "n_total": 6723,
  "n_flipped": 1340,
  "per_class_flip_rate": {
    "akiec": 0.18536585365853658,
    "bcc": 0.20748299319727892,
    "bkl": 0.18807339449541285,
    "df": 0.16666666666666666,
    "mel": 0.22603978300180833,
    "nv": 0.19740900678593462,
    "vasc": 0.25
  }
}