{
  "tau_requested": 0.5,
  "empirical_rate": 0.5003718578015767,
  "n_total": 6723,
  "n_flipped": 3364,
  "per_class_flip_rate": {
    "akiec": 0.5048543689320388,
    "bcc": 0.4897959183673469,
    "bkl": 0.4984709480122324,
    "df": 0.5454545454545454,
    "mel": 0.5054347826086957,
    "nv": 0.4982521077524162,
    "vasc": 0.5909090909090909
  }
}