{
  "tau_requested": 0.4,
  "empirical_rate": 0.4011601963409192,
  "n_total": 6723,
  "n_flipped": 2697,
  "per_class_flip_rate": {
    "akiec": 0.36585365853658536,
    "bcc": 0.38095238095238093,
    "bkl": 0.4036697247706422,
    "df": 0.3484848484848485,
    "mel": 0.4484629294755877,
    "nv": 0.39995887312358624,
    "vasc": 0.3409090909090909
  }
}