{
  "tau_requested": 0.5,
  "empirical_rate": 0.5026030046110367,
  "n_total": 6723,
  "n_flipped": 3379,
  "per_class_flip_rate": {
    "akiec": 0.5194174757281553,
    "bcc": 0.5034013605442177,
    "bkl": 0.5,
    "df": 0.6818181818181818,
    "mel": 0.5144927536231884,
    "nv": 0.49989718280896567,
    "vasc": 0.42045454545454547
  }
}