{
  "tau_requested": 0.2,
  "empirical_rate": 0.20229064405771233,
  "n_total": 6723,
  "n_flipped": 1360,
  "per_class_flip_rate": {
    "akiec": 0.18536585365853658,
    "bcc": 0.22033898305084745,
    "bkl": 0.18807339449541285,
    "df": 0.16923076923076924,
    "mel": 0.19529837251356238,
    "nv": 0.2066625539790253,
    "vasc": 0.11363636363636363
  }
}