{
  "tau_requested": 0.1,
  "empirical_rate": 0.12524170757102485,
  "n_total": 6723,
  "n_flipped": 842,
  "per_class_flip_rate": {
    "akiec": 0.08292682926829269,
    "bcc": 0.09863945578231292,
    "bkl": 0.15749235474006115,
    "df": 0.13636363636363635,
    "mel": 0.12839059674502712,
    "nv": 0.1248200699156899,
    "vasc": 0.06818181818181818
  }
}