{
  "tau_requested": 0.5,
  "empirical_rate": 0.4979919678714859,
  "n_total": 6723,
  "n_flipped": 3348,
  "per_class_flip_rate": {
    "akiec": 0.48292682926829267,
    "bcc": 0.42517006802721086,
    "bkl": 0.5275229357798165,
    "df": 0.36363636363636365,
    "mel": 0.48282097649186256,
    "nv": 0.5021591610117212,
    "vasc": 0.5227272727272727
  }
}