{
  "tau_requested": 0.3,
  "empirical_rate": 0.3019485348802618,
  "n_total": 6723,
  "n_flipped": 2030,
  "per_class_flip_rate": {
    "akiec": 0.28640776699029125,
    "bcc": 0.24489795918367346,
    "bkl": 0.3103975535168196,
    "df": 0.42424242424242425,
    "mel": 0.29891304347826086,
    "nv": 0.3020769072588937,
    "vasc": 0.38636363636363635
  }
}