{
  "tau_requested": 0.2,
  "empirical_rate": 0.2066041945560018,
  "n_total": 6723,
  "n_flipped": 1389,
  "per_class_flip_rate": {
    "akiec": 0.2097560975609756,
    "bcc": 0.2,
    "bkl": 0.20458015267175572,
    "df": 0.2,
    "mel": 0.18659420289855072,
    "nv": 0.20855614973262032,
    "vasc": 0.25842696629213485
  }
}