{
  "tau_requested": 0.3,
  "empirical_rate": 0.30328722296593785,
  "n_total": 6723,
  "n_flipped": 2039,
  "per_class_flip_rate": {
    "akiec": 0.2731707317073171,
    "bcc": 0.2983050847457627,
    "bkl": 0.28549618320610687,
    "df": 0.16923076923076924,
    "mel": 0.32065217391304346,
    "nv": 0.3076923076923077,
    "vasc": 0.2696629213483146
  }
}