{
  "tau_requested": 0.2,
  "empirical_rate": 0.19619217611185483,
  "n_total": 6723,
  "n_flipped": 1319,
  "per_class_flip_rate": {
    "akiec": 0.18048780487804877,
    "bcc": 0.22108843537414966,
    "bkl": 0.20030581039755352,
    "df": 0.2727272727272727,
    "mel": 0.18625678119349007,
    "nv": 0.19494139420111042,
    "vasc": 0.19318181818181818
  }
}