{
  "tau_requested": 0.3,
  "empirical_rate": 0.3059645991372899,
  "n_total": 6723,
  "n_flipped": 2057,
  "per_class_flip_rate": {
    "akiec": 0.33170731707317075,
    "bcc": 0.3333333333333333,
    "bkl": 0.2966360856269113,
    "df": 0.30303030303030304,
    "mel": 0.28390596745027125,
    "nv": 0.30577832613613,
    "vasc": 0.375
  }
}