{
  "tau_requested": 0.1,
  "empirical_rate": 0.12970400118994496,
  "n_total": 6723,
  "n_flipped": 872,
  "per_class_flip_rate": {
    "akiec": 0.12195121951219512,
    "bcc": 0.11564625850340136,
    "bkl": 0.13302752293577982,
    "df": 0.18181818181818182,
    "mel": 0.11754068716094032,
    "nv": 0.1316060045239564,
    "vasc": 0.10227272727272728
  }
}