{
  "tau_requested": 0.1,
  "empirical_rate": 0.13193514799940503,
  "n_total": 6723,
  "n_flipped": 887,
  "per_class_flip_rate": {
    "akiec": 0.1024390243902439,
    "bcc": 0.12244897959183673,
    "bkl": 0.11467889908256881,
    "df": 0.16666666666666666,
    "mel": 0.13381555153707053,
    "nv": 0.13551305778326136,
    "vasc": 0.125
  }
}