{
  "tau_requested": 0.5,
  "empirical_rate": 0.5066190688680648,
  "n_total": 6723,
  "n_flipped": 3406,
  "per_class_flip_rate": {
    "akiec": 0.5121951219512195,
    "bcc": 0.559322033898305,
    "bkl": 0.517557251908397,
    "df": 0.5076923076923077,
    "mel": 0.46195652173913043,
    "nv": 0.5071986836692719,
    "vasc": 0.48314606741573035
  }
}