{
  "tau_requested": 0.3,
  "empirical_rate": 0.2992711587089097,
  "n_total": 6723,
  "n_flipped": 2012,
  "per_class_flip_rate": {
    "akiec": 0.2682926829268293,
    "bcc": 0.3593220338983051,
    "bkl": 0.26758409785932724,
    "df": 0.2923076923076923,
    "mel": 0.28390596745027125,
    "nv": 0.3045445198437179,
    "vasc": 0.2159090909090909
  }
}