{
  "tau_requested": 0.1,
  "empirical_rate": 0.12970400118994496,
  "n_total": 6723,
  "n_flipped": 872,
  "per_class_flip_rate": {
    "akiec": 0.15048543689320387,
    "bcc": 0.1292517006802721,
    "bkl": 0.13740458015267176,
    "df": 0.07575757575757576,
    "mel": 0.11956521739130435,
    "nv": 0.12854792266556972,
    "vasc": 0.19318181818181818
  }
}