{
  "tau_requested": 0.4,
  "empirical_rate": 0.3920868659824483,
  "n_total": 6723,
  "n_flipped": 2636,
  "per_class_flip_rate": {
    "akiec": 0.35609756097560974,
    "bcc": 0.35714285714285715,
    "bkl": 0.3837920489296636,
    "df": 0.4090909090909091,
    "mel": 0.4358047016274864,
    "nv": 0.391733497840839,
    "vasc": 0.38636363636363635
  }
}