{
  "tau_requested": 0.4,
  "empirical_rate": 0.3908969210174029,
  "n_total": 6723,
  "n_flipped": 2628,
  "per_class_flip_rate": {
    "akiec": 0.35121951219512193,
    "bcc": 0.4610169491525424,
    "bkl": 0.35932721712538224,
    "df": 0.36923076923076925,
    "mel": 0.40687160940325495,
    "nv": 0.39317293851531976,
    "vasc": 0.2727272727272727
  }
}