{
  "tau_requested": 0.3,
  "empirical_rate": 0.2970400118994497,
  "n_total": 6723,
  "n_flipped": 1997,
  "per_class_flip_rate": {
    "akiec": 0.2634146341463415,
    "bcc": 0.3559322033898305,
    "bkl": 0.25840978593272174,
    "df": 0.27692307692307694,
    "mel": 0.31645569620253167,
    "nv": 0.29940366029200083,
    "vasc": 0.22727272727272727
  }
}