{
  "tau_requested": 0.5,
  "empirical_rate": 0.4970995091477019,
  "n_total": 6723,
  "n_flipped": 3342,
  "per_class_flip_rate": {
    "akiec": 0.5073170731707317,
    "bcc": 0.5204081632653061,
    "bkl": 0.47553516819571867,
    "df": 0.5454545454545454,
    "mel": 0.5027124773960217,
    "nv": 0.4968126670779354,
    "vasc": 0.5
  }
}