{
  "tau_requested": 0.4,
  "empirical_rate": 0.4027963706678566,
  "n_total": 6723,
  "n_flipped": 2708,
  "per_class_flip_rate": {
    "akiec": 0.3902439024390244,
    "bcc": 0.45918367346938777,
    "bkl": 0.40672782874617736,
    "df": 0.4393939393939394,
    "mel": 0.38517179023508136,
    "nv": 0.4005757762697923,
    "vasc": 0.42045454545454547
  }
}