{
  "tau_requested": 0.4,
  "empirical_rate": 0.4023501413059646,
  "n_total": 6723,
  "n_flipped": 2705,
  "per_class_flip_rate": {
    "akiec": 0.4223300970873786,
    "bcc": 0.37755102040816324,
    "bkl": 0.40214067278287463,
    "df": 0.4393939393939394,
    "mel": 0.411231884057971,
    "nv": 0.40242648570841044,
    "vasc": 0.3522727272727273
  }
}