{
  "tau_requested": 0.4,
  "empirical_rate": 0.4022013981853339,
  "n_total": 6723,
  "n_flipped": 2704,
  "per_class_flip_rate": {
    "akiec": 0.39805825242718446,
    "bcc": 0.3945578231292517,
    "bkl": 0.39541984732824426,
    "df": 0.4393939393939394,
    "mel": 0.3605072463768116,
    "nv": 0.40785684903331965,
    "vasc": 0.4090909090909091
  }
}