{
  "tau_requested": 0.2,
  "empirical_rate": 0.20258813029897368,
  "n_total": 6723,
  "n_flipped": 1362,
  "per_class_flip_rate": {
    "akiec": 0.23902439024390243,
    "bcc": 0.20068027210884354,
    "bkl": 0.20030581039755352,
    "df": 0.16666666666666666,
    "mel": 0.21338155515370705,
    "nv": 0.20131606004523955,
    "vasc": 0.17045454545454544
  }
}