{
  "tau_requested": 0.5,
  "empirical_rate": 0.5030492339729288,
  "n_total": 6723,
  "n_flipped": 3382,
  "per_class_flip_rate": {
    "akiec": 0.4682926829268293,
    "bcc": 0.5510204081632653,
    "bkl": 0.5030581039755352,
    "df": 0.5151515151515151,
    "mel": 0.49547920433996384,
    "nv": 0.5021591610117212,
    "vasc": 0.5113636363636364
  }
}