{
  "tau_requested": 0.4,
  "empirical_rate": 0.40770489364866874,
  "n_total": 6723,
  "n_flipped": 2741,
  "per_class_flip_rate": {
    "akiec": 0.4292682926829268,
    "bcc": 0.46598639455782315,
    "bkl": 0.40978593272171254,
    "df": 0.36363636363636365,
    "mel": 0.38155515370705245,
    "nv": 0.4055110014394407,
    "vasc": 0.4659090909090909
  }
}