{
  "tau_requested": 0.3,
  "empirical_rate": 0.30120481927710846,
  "n_total": 6723,
  "n_flipped": 2025,
  "per_class_flip_rate": {
    "akiec": 0.2731707317073171,
    "bcc": 0.30612244897959184,
    "bkl": 0.2966360856269113,
    "df": 0.30303030303030304,
    "mel": 0.30198915009041594,
    "nv": 0.3020769072588937,
    "vasc": 0.32954545454545453
  }
}