{
  "tau_requested": 0.3,
  "empirical_rate": 0.29956864495017105,
  "n_total": 6723,
  "n_flipped": 2014,
  "per_class_flip_rate": {
    "akiec": 0.2975609756097561,
    "bcc": 0.2891156462585034,
    "bkl": 0.3287461773700306,
    "df": 0.30303030303030304,
    "mel": 0.30560578661844484,
    "nv": 0.2952909726506272,
    "vasc": 0.3181818181818182
  }
}