{
  "tau_requested": 0.4,
  "empirical_rate": 0.40725866428677676,
  "n_total": 6723,
  "n_flipped": 2738,
  "per_class_flip_rate": {
    "akiec": 0.35121951219512193,
    "bcc": 0.3728813559322034,
    "bkl": 0.44122137404580153,
    "df": 0.3384615384615385,
    "mel": 0.4311594202898551,
    "nv": 0.40621143562320033,
    "vasc": 0.3595505617977528
  }
}