{
  "tau_requested": 0.4,
  "empirical_rate": 0.3983340770489365,
  "n_total": 6723,
  "n_flipped": 2678,
  "per_class_flip_rate": {
    "akiec": 0.33170731707317075,
    "bcc": 0.4440677966101695,
    "bkl": 0.3761467889908257,
    "df": 0.35384615384615387,
    "mel": 0.3887884267631103,
    "nv": 0.4050997326753033,
    "vasc": 0.2840909090909091
  }
}