{
  "tau_requested": 0.2,
  "empirical_rate": 0.19976201100699092,
  "n_total": 6723,
  "n_flipped": 1343,
  "per_class_flip_rate": {
    "akiec": 0.2097560975609756,
    "bcc": 0.19322033898305085,
    "bkl": 0.18931297709923664,
    "df": 0.2,
    "mel": 0.1721014492753623,
    "nv": 0.20320855614973263,
    "vasc": 0.25842696629213485
  }
}