{
  "tau_requested": 0.1,
  "empirical_rate": 0.1274728543804849,
  "n_total": 6723,
  "n_flipped": 857,
  "per_class_flip_rate": {
    "akiec": 0.12195121951219512,
    "bcc": 0.15593220338983052,
    "bkl": 0.12538226299694188,
    "df": 0.07692307692307693,
    "mel": 0.11211573236889692,
    "nv": 0.12975529508533826,
    "vasc": 0.06818181818181818
  }
}