{
  "tau_requested": 0.5,
  "empirical_rate": 0.4920422430462591,
  "n_total": 6723,
  "n_flipped": 3308,
  "per_class_flip_rate": {
    "akiec": 0.5170731707317073,
    "bcc": 0.5510204081632653,
    "bkl": 0.4892966360856269,
    "df": 0.42424242424242425,
    "mel": 0.5027124773960217,
    "nv": 0.4871478511207074,
    "vasc": 0.5113636363636364
  }
}