{
  "tau_requested": 0.5,
  "empirical_rate": 0.5020080321285141,
  "n_total": 6723,
  "n_flipped": 3375,
  "per_class_flip_rate": {
    "akiec": 0.5194174757281553,
    "bcc": 0.4965986394557823,
    "bkl": 0.5122324159021406,
    "df": 0.6212121212121212,
    "mel": 0.5126811594202898,
    "nv": 0.49886901089862223,
    "vasc": 0.42045454545454547
  }
}