{
  "tau_requested": 0.2,
  "empirical_rate": 0.2106202588130299,
  "n_total": 6723,
  "n_flipped": 1416,
  "per_class_flip_rate": {
    "akiec": 0.22926829268292684,
    "bcc": 0.23809523809523808,
    "bkl": 0.20642201834862386,
    "df": 0.19696969696969696,
    "mel": 0.19168173598553345,
    "nv": 0.21015833847419288,
    "vasc": 0.26136363636363635
  }
}