{
  "tau_requested": 0.2,
  "empirical_rate": 0.2074966532797858,
  "n_total": 6723,
  "n_flipped": 1395,
  "per_class_flip_rate": {
    "akiec": 0.2048780487804878,
    "bcc": 0.23809523809523808,
    "bkl": 0.20489296636085627,
    "df": 0.19696969696969696,
    "mel": 0.19168173598553345,
    "nv": 0.20830762903557476,
    "vasc": 0.19318181818181818
  }
}