{
  "tau_requested": 0.1,
  "empirical_rate": 0.12687788189796223,
  "n_total": 6723,
  "n_flipped": 853,
  "per_class_flip_rate": {
    "akiec": 0.12195121951219512,
    "bcc": 0.11904761904761904,
    "bkl": 0.14220183486238533,
    "df": 0.16666666666666666,
    "mel": 0.11934900542495479,
    "nv": 0.126053876208102,
    "vasc": 0.11363636363636363
  }
}