{
  "tau_requested": 0.5,
  "empirical_rate": 0.5042391789379741,
  "n_total": 6723,
  "n_flipped": 3390,
  "per_class_flip_rate": {
    "akiec": 0.551219512195122,
    "bcc": 0.5170068027210885,
    "bkl": 0.5076452599388379,
    "df": 0.4393939393939394,
    "mel": 0.484629294755877,
    "nv": 0.5040098704503393,
    "vasc": 0.5113636363636364
  }
}