{
  "tau_requested": 0.4,
  "empirical_rate": 0.40562248995983935,
  "n_total": 6723,
  "n_flipped": 2727,
  "per_class_flip_rate": {
    "akiec": 0.39805825242718446,
    "bcc": 0.3945578231292517,
    "bkl": 0.3969465648854962,
    "df": 0.4393939393939394,
    "mel": 0.39311594202898553,
    "nv": 0.4086795557383793,
    "vasc": 0.4090909090909091
  }
}