{
  "tau_requested": 0.5,
  "empirical_rate": 0.5078090138331102,
  "n_total": 6723,
  "n_flipped": 3414,
  "per_class_flip_rate": {
    "akiec": 0.4682926829268293,
    "bcc": 0.44745762711864406,
    "bkl": 0.5374045801526718,
    "df": 0.47692307692307695,
    "mel": 0.5543478260869565,
    "nv": 0.5041135335252982,
    "vasc": 0.5168539325842697
  }
}