{
  "tau_requested": 0.5,
  "empirical_rate": 0.5012643165253607,
  "n_total": 6723,
  "n_flipped": 3370,
  "per_class_flip_rate": {
    "akiec": 0.4975609756097561,
    "bcc": 0.48639455782312924,
    "bkl": 0.4954128440366973,
    "df": 0.4090909090909091,
    "mel": 0.5515370705244123,
    "nv": 0.49866337651655357,
    "vasc": 0.5
  }
}