{
  "tau_requested": 0.2,
  "empirical_rate": 0.20258813029897368,
  "n_total": 6723,
  "n_flipped": 1362,
  "per_class_flip_rate": {
    "akiec": 0.23902439024390243,
    "bcc": 0.20408163265306123,
    "bkl": 0.191131498470948,
    "df": 0.16666666666666666,
    "mel": 0.20795660036166366,
    "nv": 0.202961135101789,
    "vasc": 0.17045454545454544
  }
}