{
  "tau_requested": 0.4,
  "empirical_rate": 0.4001189944965045,
  "n_total": 6723,
  "n_flipped": 2690,
  "per_class_flip_rate": {
    "akiec": 0.3951219512195122,
    "bcc": 0.41156462585034015,
    "bkl": 0.38073394495412843,
    "df": 0.45454545454545453,
    "mel": 0.3960216998191682,
    "nv": 0.40160394818013573,
    "vasc": 0.42045454545454547
  }
}