{
  "tau_requested": 0.5,
  "empirical_rate": 0.5064703257474342,
  "n_total": 6723,
  "n_flipped": 3405,
  "per_class_flip_rate": {
    "akiec": 0.5073170731707317,
    "bcc": 0.6020408163265306,
    "bkl": 0.5091743119266054,
    "df": 0.4090909090909091,
    "mel": 0.46835443037974683,
    "nv": 0.5044211392144766,
    "vasc": 0.5909090909090909
  }
}