{
  "tau_requested": 0.4,
  "empirical_rate": 0.40249888442659526,
  "n_total": 6723,
  "n_flipped": 2706,
  "per_class_flip_rate": {
    "akiec": 0.3932038834951456,
    "bcc": 0.36054421768707484,
    "bkl": 0.40214067278287463,
    "df": 0.4696969696969697,
    "mel": 0.41847826086956524,
    "nv": 0.400781410651861,
    "vasc": 0.5113636363636364
  }
}