{
  "tau_requested": 0.3,
  "empirical_rate": 0.30655957161981257,
  "n_total": 6723,
  "n_flipped": 2061,
  "per_class_flip_rate": {
    "akiec": 0.33658536585365856,
    "bcc": 0.31186440677966104,
    "bkl": 0.31755725190839695,
    "df": 0.3384615384615385,
    "mel": 0.2971014492753623,
    "nv": 0.3044014808720691,
    "vasc": 0.29213483146067415
  }
}