{
  "tau_requested": 0.4,
  "empirical_rate": 0.3928305815856017,
  "n_total": 6723,
  "n_flipped": 2641,
  "per_class_flip_rate": {
    "akiec": 0.3951219512195122,
    "bcc": 0.36394557823129253,
    "bkl": 0.42048929663608564,
    "df": 0.4393939393939394,
    "mel": 0.4050632911392405,
    "nv": 0.38864898210980875,
    "vasc": 0.3977272727272727
  }
}