{
  "tau_requested": 0.4,
  "empirical_rate": 0.39937527889335117,
  "n_total": 6723,
  "n_flipped": 2685,
  "per_class_flip_rate": {
    "akiec": 0.35609756097560974,
    "bcc": 0.41156462585034015,
    "bkl": 0.38990825688073394,
    "df": 0.4393939393939394,
    "mel": 0.4014466546112116,
    "nv": 0.39913633559531153,
    "vasc": 0.5
  }
}