{
  "tau_requested": 0.5,
  "empirical_rate": 0.4970995091477019,
  "n_total": 6723,
  "n_flipped": 3342,
  "per_class_flip_rate": {
    "akiec": 0.5073170731707317,
    "bcc": 0.5204081632653061,
    "bkl": 0.4724770642201835,
    "df": 0.5303030303030303,
    "mel": 0.4972875226039783,
    "nv": 0.4980464733703475,
    "vasc": 0.5
  }
}